-- Feeds that the user is subscribed t
INSERT INTO feeds (id,copyright, description, language, link, pub_date, rss_path, title) VALUES (1, 'Michael Bertolacci, licensed under a Creative Commons Attribution 3.0 Unported License.', 'This is a constantly updating lorem ipsum feed', null, 'http://example.com/', '2017-02-07 16:17:00', 'http://lorem-rss.herokuapp.com/feed?unit=second&interval=30', 'Lorem ipsum feed for an interval of 30 seconds');
INSERT INTO feeds (id,copyright, description, language, link, pub_date, rss_path, title) VALUES (2, 'Michael Bertolacci, licensed under a Creative Commons Attribution 3.0 Unported License.', 'This is a constantly updating lorem ipsum feed', null, 'http://example.com/', '2017-02-07 16:17:00', 'http://lorem-rss.herokuapp.com/feed?unit=second&interval=60', 'Lorem ipsum feed for an interval of 60 seconds');

-- user
INSERT INTO users (id, email, password, token) VALUES (1, 'anothername@example.com','5678', 'QWERTY9876');

--  feeditems
INSERT INTO feed_items (id, author, description, link, pub_date, title, feed_id) VALUES (1,'John Smith','Tempor velit esse anim mollit eiusmod irure quis Lorem tempor sunt aute veniam eu eu.','http://example.com/test/1486033830','2017-02-02 12:10:30','Lorem ipsum 2017-02-02T11:10:30+00:00', 1);
INSERT INTO feed_items (id, author, description, link, pub_date, title, feed_id) VALUES (2,'John Smith','Reprehenderit proident id nostrud duis cillum laboris enim consequat ex sint duis.','http://example.com/test/1486033860','2017-02-02 12:11:00','Lorem ipsum 2017-02-02T11:11:00+00:00', 1);
INSERT INTO feed_items (id, author, description, link, pub_date, title, feed_id) VALUES (3,'John Smith','Non amet Lorem sit consectetur eu culpa est exercitation esse occaecat nulla laboris ex.','http://example.com/test/1486033890','2017-02-02 12:11:30','Lorem ipsum 2017-02-02T11:11:30+00:00', 1);
INSERT INTO feed_items (id, author, description, link, pub_date, title, feed_id) VALUES (4,'John Smith','Aute magna tempor velit voluptate ullamco labore nostrud ea cillum adipisicing esse elit.','http://example.com/test/1486033920','2017-02-02 12:12:00','Lorem ipsum 2017-02-02T11:12:00+00:00', 1);
INSERT INTO feed_items (id, author, description, link, pub_date, title, feed_id) VALUES (5,'John Smith','Ea fugiat ad ullamco ad elit.','http://example.com/test/1486033950','2017-02-02 12:12:30','Lorem ipsum 2017-02-02T11:12:30+00:00', 1);
INSERT INTO feed_items (id, author, description, link, pub_date, title, feed_id) VALUES (6,'John Smith','Aute laborum cupidatat voluptate velit aute magna sint pariatur.','http://example.com/test/1486033980','2017-02-02 12:13:00','Lorem ipsum 2017-02-02T11:13:00+00:00', 1);
INSERT INTO feed_items (id, author, description, link, pub_date, title, feed_id) VALUES (7,'John Smith','Dolore elit nulla elit qui.','http://example.com/test/1486034010','2017-02-02 12:13:30','Lorem ipsum 2017-02-02T11:13:30+00:00', 1);
INSERT INTO feed_items (id, author, description, link, pub_date, title, feed_id) VALUES (8,'John Smith','Tempor mollit officia deserunt ad.','http://example.com/test/1486034040','2017-02-02 12:14:00','Lorem ipsum 2017-02-02T11:14:00+00:00', 1);
INSERT INTO feed_items (id, author, description, link, pub_date, title, feed_id) VALUES (9,'John Smith','Do tempor ut laboris reprehenderit.','http://example.com/test/1486034070','2017-02-02 12:14:30','Lorem ipsum 2017-02-02T11:14:30+00:00', 1);
INSERT INTO feed_items (id, author, description, link, pub_date, title, feed_id) VALUES (10,'John Smith','Ipsum duis anim adipisicing labore culpa.','http://example.com/test/1486034100','2017-02-02 12:15:00','Lorem ipsum 2017-02-02T11:15:00+00:00', 1);
INSERT INTO feed_items (id, author, description, link, pub_date, title, feed_id) VALUES (11,'John Smith','Nostrud incididunt elit esse consequat pariatur veniam deserunt tempor.','http://example.com/test/1486034130','2017-02-02 12:15:30','Lorem ipsum 2017-02-02T11:15:30+00:00', 1);
INSERT INTO feed_items (id, author, description, link, pub_date, title, feed_id) VALUES (12,'John Smith','Quis est amet tempor irure incididunt labore officia deserunt consequat.','http://example.com/test/1486034160','2017-02-02 12:16:00','Lorem ipsum 2017-02-02T11:16:00+00:00', 1);
INSERT INTO feed_items (id, author, description, link, pub_date, title, feed_id) VALUES (13,'John Smith','Exercitation deserunt commodo cupidatat aliqua adipisicing ut velit eu ea eu minim.','http://example.com/test/1486034190','2017-02-02 12:16:30','Lorem ipsum 2017-02-02T11:16:30+00:00', 1);
INSERT INTO feed_items (id, author, description, link, pub_date, title, feed_id) VALUES (14,'John Smith','Veniam in id nisi excepteur quis et anim incididunt.','http://example.com/test/1486034220','2017-02-02 12:17:00','Lorem ipsum 2017-02-02T11:17:00+00:00', 1);
INSERT INTO feed_items (id, author, description, link, pub_date, title, feed_id) VALUES (15,'John Smith','Qui magna in proident duis elit ad incididunt adipisicing cupidatat duis ea labore culpa ea.','http://example.com/test/1486034250','2017-02-02 12:17:30','Lorem ipsum 2017-02-02T11:17:30+00:00', 1);
INSERT INTO feed_items (id, author, description, link, pub_date, title, feed_id) VALUES (16,'John Smith','Est sint anim quis ipsum ad id sit reprehenderit est dolor est Lorem enim.','http://example.com/test/1486034280','2017-02-02 12:18:00','Lorem ipsum 2017-02-02T11:18:00+00:00', 1);
INSERT INTO feed_items (id, author, description, link, pub_date, title, feed_id) VALUES (17,'John Smith','Cillum laborum amet velit magna officia aliquip.','http://example.com/test/1486034310','2017-02-02 12:18:30','Lorem ipsum 2017-02-02T11:18:30+00:00', 1);
INSERT INTO feed_items (id, author, description, link, pub_date, title, feed_id) VALUES (18,'John Smith','Irure proident dolor culpa aliqua cupidatat cillum nostrud sit magna amet.','http://example.com/test/1486034340','2017-02-02 12:19:00','Lorem ipsum 2017-02-02T11:19:00+00:00', 1);
INSERT INTO feed_items (id, author, description, link, pub_date, title, feed_id) VALUES (19,'John Smith','Ex nisi cillum excepteur adipisicing.','http://example.com/test/1486034370','2017-02-02 12:19:30','Lorem ipsum 2017-02-02T11:19:30+00:00', 1);
INSERT INTO feed_items (id, author, description, link, pub_date, title, feed_id) VALUES (20,'John Smith','Nostrud proident cillum ullamco quis esse exercitation Lorem aliquip Lorem occaecat cillum cupidatat minim duis.','http://example.com/test/1486034400','2017-02-02 12:20:00','Lorem ipsum 2017-02-02T11:20:00+00:00', 1);
INSERT INTO feed_items (id, author, description, link, pub_date, title, feed_id) VALUES (21,'John Smith','Nisi do voluptate est sunt eiusmod non reprehenderit nostrud pariatur.','http://example.com/test/1486034430','2017-02-02 12:20:30','Lorem ipsum 2017-02-02T11:20:30+00:00', 1);
INSERT INTO feed_items (id, author, description, link, pub_date, title, feed_id) VALUES (22,'John Smith','Dolore deserunt laborum minim non sit et ea.','http://example.com/test/1486034460','2017-02-02 12:21:00','Lorem ipsum 2017-02-02T11:21:00+00:00', 1);
INSERT INTO feed_items (id, author, description, link, pub_date, title, feed_id) VALUES (23,'John Smith','Elit mollit eu excepteur excepteur exercitation fugiat consectetur labore laboris veniam.','http://example.com/test/1486034490','2017-02-02 12:21:30','Lorem ipsum 2017-02-02T11:21:30+00:00', 1);
INSERT INTO feed_items (id, author, description, link, pub_date, title, feed_id) VALUES (24,'John Smith','Ullamco deserunt consectetur sunt adipisicing sunt sit aliquip dolor sint proident cillum.','http://example.com/test/1486034520','2017-02-02 12:22:00','Lorem ipsum 2017-02-02T11:22:00+00:00', 1);
INSERT INTO feed_items (id, author, description, link, pub_date, title, feed_id) VALUES (25,'John Smith','Duis qui irure non officia sint reprehenderit aliquip.','http://example.com/test/1486034550','2017-02-02 12:22:30','Lorem ipsum 2017-02-02T11:22:30+00:00', 1);
INSERT INTO feed_items (id, author, description, link, pub_date, title, feed_id) VALUES (26,'John Smith','Cillum mollit amet aliquip aliquip.','http://example.com/test/1486034580','2017-02-02 12:23:00','Lorem ipsum 2017-02-02T11:23:00+00:00', 1);
INSERT INTO feed_items (id, author, description, link, pub_date, title, feed_id) VALUES (27,'John Smith','Aliqua officia elit eu dolore irure.','http://example.com/test/1486034610','2017-02-02 12:23:30','Lorem ipsum 2017-02-02T11:23:30+00:00', 1);
INSERT INTO feed_items (id, author, description, link, pub_date, title, feed_id) VALUES (28,'John Smith','Laboris id ea incididunt sint.','http://example.com/test/1486034640','2017-02-02 12:24:00','Lorem ipsum 2017-02-02T11:24:00+00:00', 1);
INSERT INTO feed_items (id, author, description, link, pub_date, title, feed_id) VALUES (29,'John Smith','Anim sit magna sunt enim id.','http://example.com/test/1486034670','2017-02-02 12:24:30','Lorem ipsum 2017-02-02T11:24:30+00:00', 1);
INSERT INTO feed_items (id, author, description, link, pub_date, title, feed_id) VALUES (30,'John Smith','Velit ut aliquip ad veniam anim.','http://example.com/test/1486034700','2017-02-02 12:25:00','Lorem ipsum 2017-02-02T11:25:00+00:00', 1);
INSERT INTO feed_items (id, author, description, link, pub_date, title, feed_id) VALUES (31,'John Smith','Labore occaecat eiusmod excepteur occaecat veniam mollit veniam est enim fugiat nostrud.','http://example.com/test/1486034730','2017-02-02 12:25:30','Lorem ipsum 2017-02-02T11:25:30+00:00', 1);
INSERT INTO feed_items (id, author, description, link, pub_date, title, feed_id) VALUES (32,'John Smith','Sunt amet eu elit nulla aliquip deserunt.','http://example.com/test/1486034760','2017-02-02 12:26:00','Lorem ipsum 2017-02-02T11:26:00+00:00', 1);
INSERT INTO feed_items (id, author, description, link, pub_date, title, feed_id) VALUES (33,'John Smith','Cupidatat aliquip commodo fugiat dolore velit nisi do consectetur non commodo sunt.','http://example.com/test/1486034790','2017-02-02 12:26:30','Lorem ipsum 2017-02-02T11:26:30+00:00', 1);
INSERT INTO feed_items (id, author, description, link, pub_date, title, feed_id) VALUES (34,'John Smith','Minim qui ut anim in excepteur.','http://example.com/test/1486034820','2017-02-02 12:27:00','Lorem ipsum 2017-02-02T11:27:00+00:00', 1);
INSERT INTO feed_items (id, author, description, link, pub_date, title, feed_id) VALUES (35,'John Smith','Non est aliquip ad dolor et id exercitation deserunt cupidatat.','http://example.com/test/1486034850','2017-02-02 12:27:30','Lorem ipsum 2017-02-02T11:27:30+00:00', 1);
INSERT INTO feed_items (id, author, description, link, pub_date, title, feed_id) VALUES (36,'John Smith','Eu eu cillum dolore amet velit anim eu esse consectetur do Lorem.','http://example.com/test/1486034880','2017-02-02 12:28:00','Lorem ipsum 2017-02-02T11:28:00+00:00', 1);
INSERT INTO feed_items (id, author, description, link, pub_date, title, feed_id) VALUES (37,'John Smith','Elit consequat nostrud consectetur tempor laboris enim.','http://example.com/test/1486034910','2017-02-02 12:28:30','Lorem ipsum 2017-02-02T11:28:30+00:00', 1);
INSERT INTO feed_items (id, author, description, link, pub_date, title, feed_id) VALUES (38,'John Smith','Sit culpa amet consequat cillum sunt tempor consectetur et id aute.','http://example.com/test/1486034940','2017-02-02 12:29:00','Lorem ipsum 2017-02-02T11:29:00+00:00', 1);
INSERT INTO feed_items (id, author, description, link, pub_date, title, feed_id) VALUES (39,'John Smith','Incididunt reprehenderit sint eu laborum esse cupidatat aliqua do officia culpa enim incididunt consectetur.','http://example.com/test/1486034970','2017-02-02 12:29:30','Lorem ipsum 2017-02-02T11:29:30+00:00', 1);
INSERT INTO feed_items (id, author, description, link, pub_date, title, feed_id) VALUES (40,'John Smith','Id ex mollit et proident ullamco id duis veniam duis labore culpa ut.','http://example.com/test/1486035000','2017-02-02 12:30:00','Lorem ipsum 2017-02-02T11:30:00+00:00', 1);
INSERT INTO feed_items (id, author, description, link, pub_date, title, feed_id) VALUES (41,'John Smith','Minim sint et adipisicing ipsum ea ut reprehenderit occaecat consequat ex.','http://example.com/test/1486035030','2017-02-02 12:30:30','Lorem ipsum 2017-02-02T11:30:30+00:00', 1);
INSERT INTO feed_items (id, author, description, link, pub_date, title, feed_id) VALUES (42,'John Smith','Labore nostrud non Lorem anim do nostrud consequat.','http://example.com/test/1486035060','2017-02-02 12:31:00','Lorem ipsum 2017-02-02T11:31:00+00:00', 1);
INSERT INTO feed_items (id, author, description, link, pub_date, title, feed_id) VALUES (43,'John Smith','Ut in enim Lorem elit nulla adipisicing enim irure ut.','http://example.com/test/1486035090','2017-02-02 12:31:30','Lorem ipsum 2017-02-02T11:31:30+00:00', 1);
INSERT INTO feed_items (id, author, description, link, pub_date, title, feed_id) VALUES (44,'John Smith','Ea esse nostrud consectetur minim.','http://example.com/test/1486035120','2017-02-02 12:32:00','Lorem ipsum 2017-02-02T11:32:00+00:00', 1);
INSERT INTO feed_items (id, author, description, link, pub_date, title, feed_id) VALUES (45,'John Smith','Ad cupidatat sunt anim elit aute.','http://example.com/test/1486035150','2017-02-02 12:32:30','Lorem ipsum 2017-02-02T11:32:30+00:00', 1);
INSERT INTO feed_items (id, author, description, link, pub_date, title, feed_id) VALUES (46,'John Smith','Do reprehenderit exercitation anim velit ex veniam.','http://example.com/test/1486035180','2017-02-02 12:33:00','Lorem ipsum 2017-02-02T11:33:00+00:00', 1);
INSERT INTO feed_items (id, author, description, link, pub_date, title, feed_id) VALUES (47,'John Smith','Sit et dolor ut eu exercitation ex labore nisi duis id.','http://example.com/test/1486035210','2017-02-02 12:33:30','Lorem ipsum 2017-02-02T11:33:30+00:00', 1);
INSERT INTO feed_items (id, author, description, link, pub_date, title, feed_id) VALUES (48,'John Smith','Incididunt ipsum aliqua amet reprehenderit cillum mollit anim ipsum aute laboris consequat.','http://example.com/test/1486035240','2017-02-02 12:34:00','Lorem ipsum 2017-02-02T11:34:00+00:00', 1);
INSERT INTO feed_items (id, author, description, link, pub_date, title, feed_id) VALUES (49,'John Smith','Anim fugiat consectetur ea ut labore consectetur pariatur commodo ut est exercitation incididunt laboris.','http://example.com/test/1486035270','2017-02-02 12:34:30','Lorem ipsum 2017-02-02T11:34:30+00:00', 1);
INSERT INTO feed_items (id, author, description, link, pub_date, title, feed_id) VALUES (50,'John Smith','Ut officia nulla ad excepteur mollit adipisicing consectetur proident ipsum nostrud nulla officia qui do.','http://example.com/test/1486035300','2017-02-02 12:35:00','Lorem ipsum 2017-02-02T11:35:00+00:00', 1);
INSERT INTO feed_items (id, author, description, link, pub_date, title, feed_id) VALUES (51,'John Smith','Ut dolor eu exercitation mollit.','http://example.com/test/1486035330','2017-02-02 12:35:30','Lorem ipsum 2017-02-02T11:35:30+00:00', 1);
INSERT INTO feed_items (id, author, description, link, pub_date, title, feed_id) VALUES (52,'John Smith','Tempor id nisi eu nisi deserunt voluptate dolore cupidatat ipsum eiusmod.','http://example.com/test/1486035360','2017-02-02 12:36:00','Lorem ipsum 2017-02-02T11:36:00+00:00', 1);
INSERT INTO feed_items (id, author, description, link, pub_date, title, feed_id) VALUES (53,'John Smith','Quis enim dolor adipisicing do tempor exercitation irure adipisicing minim est sint laborum.','http://example.com/test/1486035390','2017-02-02 12:36:30','Lorem ipsum 2017-02-02T11:36:30+00:00', 1);
INSERT INTO feed_items (id, author, description, link, pub_date, title, feed_id) VALUES (54,'John Smith','Esse elit sit voluptate velit culpa dolor sit.','http://example.com/test/1486035420','2017-02-02 12:37:00','Lorem ipsum 2017-02-02T11:37:00+00:00', 1);
INSERT INTO feed_items (id, author, description, link, pub_date, title, feed_id) VALUES (55,'John Smith','Incididunt cillum quis in incididunt.','http://example.com/test/1486035450','2017-02-02 12:37:30','Lorem ipsum 2017-02-02T11:37:30+00:00', 1);
INSERT INTO feed_items (id, author, description, link, pub_date, title, feed_id) VALUES (56,'John Smith','Culpa duis aliquip do fugiat proident.','http://example.com/test/1486035480','2017-02-02 12:38:00','Lorem ipsum 2017-02-02T11:38:00+00:00', 1);
INSERT INTO feed_items (id, author, description, link, pub_date, title, feed_id) VALUES (57,'John Smith','Tempor est consequat in occaecat ea ut proident do reprehenderit.','http://example.com/test/1486035510','2017-02-02 12:38:30','Lorem ipsum 2017-02-02T11:38:30+00:00', 1);
INSERT INTO feed_items (id, author, description, link, pub_date, title, feed_id) VALUES (58,'John Smith','Mollit esse reprehenderit laborum nisi sint ipsum duis est nostrud incididunt et magna eu adipisicing.','http://example.com/test/1486035540','2017-02-02 12:39:00','Lorem ipsum 2017-02-02T11:39:00+00:00', 1);
INSERT INTO feed_items (id, author, description, link, pub_date, title, feed_id) VALUES (59,'John Smith','Cillum sit exercitation occaecat incididunt exercitation sit ea ullamco culpa est eu duis ipsum exercitation.','http://example.com/test/1486035570','2017-02-02 12:39:30','Lorem ipsum 2017-02-02T11:39:30+00:00', 1);
INSERT INTO feed_items (id, author, description, link, pub_date, title, feed_id) VALUES (60,'John Smith','Aute ut quis sint nisi labore eiusmod.','http://example.com/test/1486035600','2017-02-02 12:40:00','Lorem ipsum 2017-02-02T11:40:00+00:00', 1);
INSERT INTO feed_items (id, author, description, link, pub_date, title, feed_id) VALUES (61,'John Smith','Mollit officia ex ad eu irure duis eiusmod mollit nulla deserunt laboris.','http://example.com/test/1486035630','2017-02-02 12:40:30','Lorem ipsum 2017-02-02T11:40:30+00:00', 1);
INSERT INTO feed_items (id, author, description, link, pub_date, title, feed_id) VALUES (62,'John Smith','Amet consequat in in id sunt minim reprehenderit et.','http://example.com/test/1486035660','2017-02-02 12:41:00','Lorem ipsum 2017-02-02T11:41:00+00:00', 1);
INSERT INTO feed_items (id, author, description, link, pub_date, title, feed_id) VALUES (63,'John Smith','Lorem aute consequat deserunt nisi commodo eiusmod adipisicing.','http://example.com/test/1486035690','2017-02-02 12:41:30','Lorem ipsum 2017-02-02T11:41:30+00:00', 1);
INSERT INTO feed_items (id, author, description, link, pub_date, title, feed_id) VALUES (64,'John Smith','Commodo exercitation laborum quis in ex.','http://example.com/test/1486035720','2017-02-02 12:42:00','Lorem ipsum 2017-02-02T11:42:00+00:00', 1);
INSERT INTO feed_items (id, author, description, link, pub_date, title, feed_id) VALUES (65,'John Smith','Anim ut non voluptate proident non do et.','http://example.com/test/1486038690','2017-02-02 13:31:30','Lorem ipsum 2017-02-02T12:31:30+00:00', 1);
INSERT INTO feed_items (id, author, description, link, pub_date, title, feed_id) VALUES (66,'John Smith','Cupidatat duis anim velit pariatur sint veniam id cillum dolor ullamco deserunt cillum sint incididunt.','http://example.com/test/1486038720','2017-02-02 13:32:00','Lorem ipsum 2017-02-02T12:32:00+00:00', 1);
INSERT INTO feed_items (id, author, description, link, pub_date, title, feed_id) VALUES (67,'John Smith','Ex aliquip eu velit enim incididunt proident nostrud dolore reprehenderit eu sit officia officia.','http://example.com/test/1486038750','2017-02-02 13:32:30','Lorem ipsum 2017-02-02T12:32:30+00:00', 1);
INSERT INTO feed_items (id, author, description, link, pub_date, title, feed_id) VALUES (68,'John Smith','Eiusmod pariatur ex laboris tempor duis voluptate tempor eu dolore id cillum proident.','http://example.com/test/1486038780','2017-02-02 13:33:00','Lorem ipsum 2017-02-02T12:33:00+00:00', 1);
INSERT INTO feed_items (id, author, description, link, pub_date, title, feed_id) VALUES (69,'John Smith','Sint adipisicing amet irure do esse fugiat et aliqua in ea.','http://example.com/test/1486038810','2017-02-02 13:33:30','Lorem ipsum 2017-02-02T12:33:30+00:00', 1);
INSERT INTO feed_items (id, author, description, link, pub_date, title, feed_id) VALUES (70,'John Smith','Adipisicing esse ut veniam ad.','http://example.com/test/1486038840','2017-02-02 13:34:00','Lorem ipsum 2017-02-02T12:34:00+00:00', 1);
INSERT INTO feed_items (id, author, description, link, pub_date, title, feed_id) VALUES (71,'John Smith','Esse laborum id incididunt adipisicing id.','http://example.com/test/1486038870','2017-02-02 13:34:30','Lorem ipsum 2017-02-02T12:34:30+00:00', 1);
INSERT INTO feed_items (id, author, description, link, pub_date, title, feed_id) VALUES (72,'John Smith','Eu ut et nisi laborum ut ea adipisicing eiusmod deserunt irure quis.','http://example.com/test/1486038900','2017-02-02 13:35:00','Lorem ipsum 2017-02-02T12:35:00+00:00', 1);
INSERT INTO feed_items (id, author, description, link, pub_date, title, feed_id) VALUES (73,'John Smith','Magna minim eu non laborum fugiat officia.','http://example.com/test/1486038930','2017-02-02 13:35:30','Lorem ipsum 2017-02-02T12:35:30+00:00', 1);
INSERT INTO feed_items (id, author, description, link, pub_date, title, feed_id) VALUES (74,'John Smith','Esse eu ex ipsum pariatur.','http://example.com/test/1486038960','2017-02-02 13:36:00','Lorem ipsum 2017-02-02T12:36:00+00:00', 1);
INSERT INTO feed_items (id, author, description, link, pub_date, title, feed_id) VALUES (75,'John Smith','Cupidatat esse ad sit culpa esse in consequat dolore.','http://example.com/test/1486038990','2017-02-02 13:36:30','Lorem ipsum 2017-02-02T12:36:30+00:00', 1);
INSERT INTO feed_items (id, author, description, link, pub_date, title, feed_id) VALUES (76,'John Smith','Consectetur commodo irure commodo Lorem veniam non id Lorem amet proident.','http://example.com/test/1486039020','2017-02-02 13:37:00','Lorem ipsum 2017-02-02T12:37:00+00:00', 1);
INSERT INTO feed_items (id, author, description, link, pub_date, title, feed_id) VALUES (77,'John Smith','Ipsum Lorem aliqua occaecat consectetur amet eu labore laborum magna incididunt.','http://example.com/test/1486039050','2017-02-02 13:37:30','Lorem ipsum 2017-02-02T12:37:30+00:00', 1);
INSERT INTO feed_items (id, author, description, link, pub_date, title, feed_id) VALUES (78,'John Smith','Amet commodo ullamco minim ex enim.','http://example.com/test/1486039080','2017-02-02 13:38:00','Lorem ipsum 2017-02-02T12:38:00+00:00', 1);
INSERT INTO feed_items (id, author, description, link, pub_date, title, feed_id) VALUES (79,'John Smith','Do nisi ut in eu pariatur in anim tempor.','http://example.com/test/1486039110','2017-02-02 13:38:30','Lorem ipsum 2017-02-02T12:38:30+00:00', 1);
INSERT INTO feed_items (id, author, description, link, pub_date, title, feed_id) VALUES (80,'John Smith','Consequat ut esse sunt consequat ipsum.','http://example.com/test/1486039140','2017-02-02 13:39:00','Lorem ipsum 2017-02-02T12:39:00+00:00', 1);
INSERT INTO feed_items (id, author, description, link, pub_date, title, feed_id) VALUES (81,'John Smith','Officia enim occaecat laboris excepteur culpa enim occaecat mollit fugiat commodo consequat aliquip excepteur.','http://example.com/test/1486039170','2017-02-02 13:39:30','Lorem ipsum 2017-02-02T12:39:30+00:00', 1);
INSERT INTO feed_items (id, author, description, link, pub_date, title, feed_id) VALUES (82,'John Smith','Magna proident aute est incididunt laboris reprehenderit aute in laboris.','http://example.com/test/1486039200','2017-02-02 13:40:00','Lorem ipsum 2017-02-02T12:40:00+00:00', 1);
INSERT INTO feed_items (id, author, description, link, pub_date, title, feed_id) VALUES (83,'John Smith','Aliqua consequat eu amet aliqua voluptate irure qui sunt sint laboris commodo et.','http://example.com/test/1486039230','2017-02-02 13:40:30','Lorem ipsum 2017-02-02T12:40:30+00:00', 1);
INSERT INTO feed_items (id, author, description, link, pub_date, title, feed_id) VALUES (84,'John Smith','Cupidatat minim veniam consectetur cillum qui ad nostrud.','http://example.com/test/1486039260','2017-02-02 13:41:00','Lorem ipsum 2017-02-02T12:41:00+00:00', 1);
INSERT INTO feed_items (id, author, description, link, pub_date, title, feed_id) VALUES (85,'John Smith','Mollit magna sit tempor sit consequat proident.','http://example.com/test/1486039290','2017-02-02 13:41:30','Lorem ipsum 2017-02-02T12:41:30+00:00', 1);
INSERT INTO feed_items (id, author, description, link, pub_date, title, feed_id) VALUES (86,'John Smith','Lorem nulla commodo adipisicing deserunt.','http://example.com/test/1486039320','2017-02-02 13:42:00','Lorem ipsum 2017-02-02T12:42:00+00:00', 1);
INSERT INTO feed_items (id, author, description, link, pub_date, title, feed_id) VALUES (87,'John Smith','Nisi et tempor consectetur deserunt labore velit ea voluptate minim ea qui Lorem consectetur mollit.','http://example.com/test/1486045200','2017-02-02 15:20:00','Lorem ipsum 2017-02-02T14:20:00+00:00', 1);
INSERT INTO feed_items (id, author, description, link, pub_date, title, feed_id) VALUES (88,'John Smith','Nisi et tempor consectetur deserunt labore velit ea voluptate minim ea qui Lorem consectetur mollit.','http://example.com/test/1486045200','2017-02-02 15:20:00','Lorem ipsum 2017-02-02T14:20:00+00:00', 1);
INSERT INTO feed_items (id, author, description, link, pub_date, title, feed_id) VALUES (89,'John Smith','Proident mollit magna deserunt velit dolore aliquip.','http://example.com/test/1486045230','2017-02-02 15:20:30','Lorem ipsum 2017-02-02T14:20:30+00:00', 1);
INSERT INTO feed_items (id, author, description, link, pub_date, title, feed_id) VALUES (90,'John Smith','Proident mollit magna deserunt velit dolore aliquip.','http://example.com/test/1486045230','2017-02-02 15:20:30','Lorem ipsum 2017-02-02T14:20:30+00:00', 1);
INSERT INTO feed_items (id, author, description, link, pub_date, title, feed_id) VALUES (91,'John Smith','Exercitation duis pariatur commodo et est pariatur veniam pariatur.','http://example.com/test/1486045260','2017-02-02 15:21:00','Lorem ipsum 2017-02-02T14:21:00+00:00', 1);
INSERT INTO feed_items (id, author, description, link, pub_date, title, feed_id) VALUES (92,'John Smith','Exercitation duis pariatur commodo et est pariatur veniam pariatur.','http://example.com/test/1486045260','2017-02-02 15:21:00','Lorem ipsum 2017-02-02T14:21:00+00:00', 1);
INSERT INTO feed_items (id, author, description, link, pub_date, title, feed_id) VALUES (93,'John Smith','Officia pariatur aliqua mollit veniam ipsum officia consequat magna mollit pariatur.','http://example.com/test/1486045290','2017-02-02 15:21:30','Lorem ipsum 2017-02-02T14:21:30+00:00', 1);
INSERT INTO feed_items (id, author, description, link, pub_date, title, feed_id) VALUES (94,'John Smith','Officia pariatur aliqua mollit veniam ipsum officia consequat magna mollit pariatur.','http://example.com/test/1486045290','2017-02-02 15:21:30','Lorem ipsum 2017-02-02T14:21:30+00:00', 1);
INSERT INTO feed_items (id, author, description, link, pub_date, title, feed_id) VALUES (95,'John Smith','Quis nulla pariatur eu amet ullamco veniam pariatur exercitation Lorem.','http://example.com/test/1486045320','2017-02-02 15:22:00','Lorem ipsum 2017-02-02T14:22:00+00:00', 1);
INSERT INTO feed_items (id, author, description, link, pub_date, title, feed_id) VALUES (96,'John Smith','Quis nulla pariatur eu amet ullamco veniam pariatur exercitation Lorem.','http://example.com/test/1486045320','2017-02-02 15:22:00','Lorem ipsum 2017-02-02T14:22:00+00:00', 1);
INSERT INTO feed_items (id, author, description, link, pub_date, title, feed_id) VALUES (97,'John Smith','Minim laboris ullamco sint duis dolore nulla culpa sint consequat eiusmod cupidatat.','http://example.com/test/1486045350','2017-02-02 15:22:30','Lorem ipsum 2017-02-02T14:22:30+00:00', 1);
INSERT INTO feed_items (id, author, description, link, pub_date, title, feed_id) VALUES (98,'John Smith','Minim laboris ullamco sint duis dolore nulla culpa sint consequat eiusmod cupidatat.','http://example.com/test/1486045350','2017-02-02 15:22:30','Lorem ipsum 2017-02-02T14:22:30+00:00', 1);
INSERT INTO feed_items (id, author, description, link, pub_date, title, feed_id) VALUES (99,'John Smith','Sint nisi enim commodo qui veniam ipsum amet irure.','http://example.com/test/1486045380','2017-02-02 15:23:00','Lorem ipsum 2017-02-02T14:23:00+00:00', 1);
INSERT INTO feed_items (id, author, description, link, pub_date, title, feed_id) VALUES (100,'John Smith','Sint nisi enim commodo qui veniam ipsum amet irure.','http://example.com/test/1486045380','2017-02-02 15:23:00','Lorem ipsum 2017-02-02T14:23:00+00:00', 1);
INSERT INTO feed_items (id, author, description, link, pub_date, title, feed_id) VALUES (101,'John Smith','Occaecat dolore amet excepteur nostrud cillum.','http://example.com/test/1486045410','2017-02-02 15:23:30','Lorem ipsum 2017-02-02T14:23:30+00:00', 1);
INSERT INTO feed_items (id, author, description, link, pub_date, title, feed_id) VALUES (102,'John Smith','Occaecat dolore amet excepteur nostrud cillum.','http://example.com/test/1486045410','2017-02-02 15:23:30','Lorem ipsum 2017-02-02T14:23:30+00:00', 1);
INSERT INTO feed_items (id, author, description, link, pub_date, title, feed_id) VALUES (103,'John Smith','Id qui proident nisi proident est adipisicing quis id.','http://example.com/test/1486045440','2017-02-02 15:24:00','Lorem ipsum 2017-02-02T14:24:00+00:00', 1);
INSERT INTO feed_items (id, author, description, link, pub_date, title, feed_id) VALUES (104,'John Smith','Id qui proident nisi proident est adipisicing quis id.','http://example.com/test/1486045440','2017-02-02 15:24:00','Lorem ipsum 2017-02-02T14:24:00+00:00', 1);
INSERT INTO feed_items (id, author, description, link, pub_date, title, feed_id) VALUES (105,'John Smith','Quis eiusmod duis Lorem voluptate tempor.','http://example.com/test/1486045470','2017-02-02 15:24:30','Lorem ipsum 2017-02-02T14:24:30+00:00', 1);
INSERT INTO feed_items (id, author, description, link, pub_date, title, feed_id) VALUES (106,'John Smith','Quis eiusmod duis Lorem voluptate tempor.','http://example.com/test/1486045470','2017-02-02 15:24:30','Lorem ipsum 2017-02-02T14:24:30+00:00', 1);
INSERT INTO feed_items (id, author, description, link, pub_date, title, feed_id) VALUES (107,'John Smith','Laborum deserunt irure id culpa cupidatat dolore ex non laboris ullamco elit adipisicing id exercitation.','http://example.com/test/1486045500','2017-02-02 15:25:00','Lorem ipsum 2017-02-02T14:25:00+00:00', 1);
INSERT INTO feed_items (id, author, description, link, pub_date, title, feed_id) VALUES (108,'John Smith','Amet eu voluptate et reprehenderit id dolor aliqua reprehenderit aliqua.','http://example.com/test/1486045530','2017-02-02 15:25:30','Lorem ipsum 2017-02-02T14:25:30+00:00', 1);
INSERT INTO feed_items (id, author, description, link, pub_date, title, feed_id) VALUES (109,'John Smith','Voluptate Lorem labore proident enim.','http://example.com/test/1486045560','2017-02-02 15:26:00','Lorem ipsum 2017-02-02T14:26:00+00:00', 1);
INSERT INTO feed_items (id, author, description, link, pub_date, title, feed_id) VALUES (110,'John Smith','Id fugiat incididunt occaecat ea excepteur in aliqua quis consequat.','http://example.com/test/1486045590','2017-02-02 15:26:30','Lorem ipsum 2017-02-02T14:26:30+00:00', 1);
INSERT INTO feed_items (id, author, description, link, pub_date, title, feed_id) VALUES (111,'John Smith','Enim aliquip ex veniam sunt et.','http://example.com/test/1486045620','2017-02-02 15:27:00','Lorem ipsum 2017-02-02T14:27:00+00:00', 1);
INSERT INTO feed_items (id, author, description, link, pub_date, title, feed_id) VALUES (112,'John Smith','Enim consequat esse sit voluptate velit minim officia sit labore qui nulla magna cillum proident.','http://example.com/test/1486045650','2017-02-02 15:27:30','Lorem ipsum 2017-02-02T14:27:30+00:00', 1);
INSERT INTO feed_items (id, author, description, link, pub_date, title, feed_id) VALUES (113,'John Smith','Eiusmod minim mollit aliquip magna proident in voluptate sunt enim non laborum.','http://example.com/test/1486045680','2017-02-02 15:28:00','Lorem ipsum 2017-02-02T14:28:00+00:00', 1);
INSERT INTO feed_items (id, author, description, link, pub_date, title, feed_id) VALUES (114,'John Smith','Mollit labore quis esse veniam.','http://example.com/test/1486045710','2017-02-02 15:28:30','Lorem ipsum 2017-02-02T14:28:30+00:00', 1);
INSERT INTO feed_items (id, author, description, link, pub_date, title, feed_id) VALUES (115,'John Smith','Officia mollit tempor do tempor dolor velit tempor eu commodo proident do ea veniam.','http://example.com/test/1486045740','2017-02-02 15:29:00','Lorem ipsum 2017-02-02T14:29:00+00:00', 1);
INSERT INTO feed_items (id, author, description, link, pub_date, title, feed_id) VALUES (116,'John Smith','Elit in enim laborum nulla voluptate dolor laboris.','http://example.com/test/1486045770','2017-02-02 15:29:30','Lorem ipsum 2017-02-02T14:29:30+00:00', 1);
INSERT INTO feed_items (id, author, description, link, pub_date, title, feed_id) VALUES (117,'John Smith','Sit qui qui consectetur ea voluptate sint in amet.','http://example.com/test/1486045800','2017-02-02 15:30:00','Lorem ipsum 2017-02-02T14:30:00+00:00', 1);
INSERT INTO feed_items (id, author, description, link, pub_date, title, feed_id) VALUES (118,'John Smith','Deserunt nostrud ex commodo est velit adipisicing proident.','http://example.com/test/1486045830','2017-02-02 15:30:30','Lorem ipsum 2017-02-02T14:30:30+00:00', 1);
INSERT INTO feed_items (id, author, description, link, pub_date, title, feed_id) VALUES (119,'John Smith','Id mollit reprehenderit ullamco amet sunt ullamco proident.','http://example.com/test/1486045860','2017-02-02 15:31:00','Lorem ipsum 2017-02-02T14:31:00+00:00', 1);
INSERT INTO feed_items (id, author, description, link, pub_date, title, feed_id) VALUES (120,'John Smith','Non commodo cupidatat cillum Lorem laboris amet culpa consequat labore excepteur ad nisi nulla magna.','http://example.com/test/1486045890','2017-02-02 15:31:30','Lorem ipsum 2017-02-02T14:31:30+00:00', 1);

-- Subscribed users
INSERT INTO subscribed_users (subscribed_users_id, subscribed_feeds_id) VALUES (1, 1);
INSERT INTO subscribed_users (subscribed_users_id, subscribed_feeds_id) VALUES (1, 2);

-- Feeds for users
INSERT INTO feeds_for_users (id,read_by_user,starred,feed_item_id,user_id) VALUES (1,FALSE,FALSE,1,1);
INSERT INTO feeds_for_users (id,read_by_user,starred,feed_item_id,user_id) VALUES (2,FALSE,FALSE,2,1);
INSERT INTO feeds_for_users (id,read_by_user,starred,feed_item_id,user_id) VALUES (3,FALSE,FALSE,3,1);
INSERT INTO feeds_for_users (id,read_by_user,starred,feed_item_id,user_id) VALUES (4,FALSE,FALSE,4,1);
INSERT INTO feeds_for_users (id,read_by_user,starred,feed_item_id,user_id) VALUES (5,FALSE,FALSE,5,1);
INSERT INTO feeds_for_users (id,read_by_user,starred,feed_item_id,user_id) VALUES (6,FALSE,FALSE,6,1);
INSERT INTO feeds_for_users (id,read_by_user,starred,feed_item_id,user_id) VALUES (7,FALSE,FALSE,7,1);
INSERT INTO feeds_for_users (id,read_by_user,starred,feed_item_id,user_id) VALUES (8,FALSE,FALSE,8,1);
INSERT INTO feeds_for_users (id,read_by_user,starred,feed_item_id,user_id) VALUES (9,FALSE,FALSE,9,1);
INSERT INTO feeds_for_users (id,read_by_user,starred,feed_item_id,user_id) VALUES (10,FALSE,FALSE,10,1);
INSERT INTO feeds_for_users (id,read_by_user,starred,feed_item_id,user_id) VALUES (11,FALSE,FALSE,11,1);
INSERT INTO feeds_for_users (id,read_by_user,starred,feed_item_id,user_id) VALUES (12,FALSE,FALSE,12,1);
INSERT INTO feeds_for_users (id,read_by_user,starred,feed_item_id,user_id) VALUES (13,FALSE,FALSE,13,1);
INSERT INTO feeds_for_users (id,read_by_user,starred,feed_item_id,user_id) VALUES (14,FALSE,FALSE,14,1);
INSERT INTO feeds_for_users (id,read_by_user,starred,feed_item_id,user_id) VALUES (15,FALSE,FALSE,15,1);
INSERT INTO feeds_for_users (id,read_by_user,starred,feed_item_id,user_id) VALUES (16,FALSE,FALSE,16,1);
INSERT INTO feeds_for_users (id,read_by_user,starred,feed_item_id,user_id) VALUES (17,FALSE,FALSE,17,1);
INSERT INTO feeds_for_users (id,read_by_user,starred,feed_item_id,user_id) VALUES (18,FALSE,FALSE,18,1);
INSERT INTO feeds_for_users (id,read_by_user,starred,feed_item_id,user_id) VALUES (19,FALSE,FALSE,19,1);
INSERT INTO feeds_for_users (id,read_by_user,starred,feed_item_id,user_id) VALUES (20,FALSE,FALSE,20,1);
INSERT INTO feeds_for_users (id,read_by_user,starred,feed_item_id,user_id) VALUES (21,FALSE,FALSE,21,1);
INSERT INTO feeds_for_users (id,read_by_user,starred,feed_item_id,user_id) VALUES (22,FALSE,FALSE,22,1);
INSERT INTO feeds_for_users (id,read_by_user,starred,feed_item_id,user_id) VALUES (23,FALSE,FALSE,23,1);
INSERT INTO feeds_for_users (id,read_by_user,starred,feed_item_id,user_id) VALUES (24,FALSE,FALSE,24,1);
INSERT INTO feeds_for_users (id,read_by_user,starred,feed_item_id,user_id) VALUES (25,FALSE,FALSE,25,1);
INSERT INTO feeds_for_users (id,read_by_user,starred,feed_item_id,user_id) VALUES (26,FALSE,FALSE,26,1);
INSERT INTO feeds_for_users (id,read_by_user,starred,feed_item_id,user_id) VALUES (27,FALSE,FALSE,27,1);
INSERT INTO feeds_for_users (id,read_by_user,starred,feed_item_id,user_id) VALUES (28,FALSE,FALSE,28,1);
INSERT INTO feeds_for_users (id,read_by_user,starred,feed_item_id,user_id) VALUES (29,FALSE,FALSE,29,1);
INSERT INTO feeds_for_users (id,read_by_user,starred,feed_item_id,user_id) VALUES (30,FALSE,FALSE,30,1);
INSERT INTO feeds_for_users (id,read_by_user,starred,feed_item_id,user_id) VALUES (31,FALSE,FALSE,31,1);
INSERT INTO feeds_for_users (id,read_by_user,starred,feed_item_id,user_id) VALUES (32,FALSE,FALSE,32,1);
INSERT INTO feeds_for_users (id,read_by_user,starred,feed_item_id,user_id) VALUES (33,FALSE,FALSE,33,1);
INSERT INTO feeds_for_users (id,read_by_user,starred,feed_item_id,user_id) VALUES (34,FALSE,FALSE,34,1);
INSERT INTO feeds_for_users (id,read_by_user,starred,feed_item_id,user_id) VALUES (35,FALSE,FALSE,35,1);
INSERT INTO feeds_for_users (id,read_by_user,starred,feed_item_id,user_id) VALUES (36,FALSE,FALSE,36,1);
INSERT INTO feeds_for_users (id,read_by_user,starred,feed_item_id,user_id) VALUES (37,FALSE,FALSE,37,1);
INSERT INTO feeds_for_users (id,read_by_user,starred,feed_item_id,user_id) VALUES (38,FALSE,FALSE,38,1);
INSERT INTO feeds_for_users (id,read_by_user,starred,feed_item_id,user_id) VALUES (39,FALSE,FALSE,39,1);
INSERT INTO feeds_for_users (id,read_by_user,starred,feed_item_id,user_id) VALUES (40,FALSE,FALSE,40,1);
INSERT INTO feeds_for_users (id,read_by_user,starred,feed_item_id,user_id) VALUES (41,FALSE,FALSE,41,1);
INSERT INTO feeds_for_users (id,read_by_user,starred,feed_item_id,user_id) VALUES (42,FALSE,FALSE,42,1);
INSERT INTO feeds_for_users (id,read_by_user,starred,feed_item_id,user_id) VALUES (43,FALSE,FALSE,43,1);
INSERT INTO feeds_for_users (id,read_by_user,starred,feed_item_id,user_id) VALUES (44,FALSE,FALSE,44,1);
INSERT INTO feeds_for_users (id,read_by_user,starred,feed_item_id,user_id) VALUES (45,FALSE,FALSE,45,1);
INSERT INTO feeds_for_users (id,read_by_user,starred,feed_item_id,user_id) VALUES (46,FALSE,FALSE,46,1);
INSERT INTO feeds_for_users (id,read_by_user,starred,feed_item_id,user_id) VALUES (47,FALSE,FALSE,47,1);
INSERT INTO feeds_for_users (id,read_by_user,starred,feed_item_id,user_id) VALUES (48,FALSE,FALSE,48,1);
INSERT INTO feeds_for_users (id,read_by_user,starred,feed_item_id,user_id) VALUES (49,FALSE,FALSE,49,1);
INSERT INTO feeds_for_users (id,read_by_user,starred,feed_item_id,user_id) VALUES (50,FALSE,FALSE,50,1);
INSERT INTO feeds_for_users (id,read_by_user,starred,feed_item_id,user_id) VALUES (51,FALSE,FALSE,51,1);
INSERT INTO feeds_for_users (id,read_by_user,starred,feed_item_id,user_id) VALUES (52,FALSE,FALSE,52,1);
INSERT INTO feeds_for_users (id,read_by_user,starred,feed_item_id,user_id) VALUES (53,FALSE,FALSE,53,1);
INSERT INTO feeds_for_users (id,read_by_user,starred,feed_item_id,user_id) VALUES (54,FALSE,FALSE,54,1);
INSERT INTO feeds_for_users (id,read_by_user,starred,feed_item_id,user_id) VALUES (55,FALSE,FALSE,55,1);
INSERT INTO feeds_for_users (id,read_by_user,starred,feed_item_id,user_id) VALUES (56,FALSE,FALSE,56,1);
INSERT INTO feeds_for_users (id,read_by_user,starred,feed_item_id,user_id) VALUES (57,FALSE,FALSE,57,1);
INSERT INTO feeds_for_users (id,read_by_user,starred,feed_item_id,user_id) VALUES (58,FALSE,FALSE,58,1);
INSERT INTO feeds_for_users (id,read_by_user,starred,feed_item_id,user_id) VALUES (59,FALSE,FALSE,59,1);
INSERT INTO feeds_for_users (id,read_by_user,starred,feed_item_id,user_id) VALUES (60,FALSE,FALSE,60,1);
INSERT INTO feeds_for_users (id,read_by_user,starred,feed_item_id,user_id) VALUES (61,FALSE,FALSE,61,1);
INSERT INTO feeds_for_users (id,read_by_user,starred,feed_item_id,user_id) VALUES (62,FALSE,FALSE,62,1);
INSERT INTO feeds_for_users (id,read_by_user,starred,feed_item_id,user_id) VALUES (63,FALSE,FALSE,63,1);
INSERT INTO feeds_for_users (id,read_by_user,starred,feed_item_id,user_id) VALUES (64,FALSE,FALSE,64,1);
INSERT INTO feeds_for_users (id,read_by_user,starred,feed_item_id,user_id) VALUES (65,FALSE,FALSE,65,1);
INSERT INTO feeds_for_users (id,read_by_user,starred,feed_item_id,user_id) VALUES (66,FALSE,FALSE,66,1);
INSERT INTO feeds_for_users (id,read_by_user,starred,feed_item_id,user_id) VALUES (67,FALSE,FALSE,67,1);
INSERT INTO feeds_for_users (id,read_by_user,starred,feed_item_id,user_id) VALUES (68,FALSE,FALSE,68,1);
INSERT INTO feeds_for_users (id,read_by_user,starred,feed_item_id,user_id) VALUES (69,FALSE,FALSE,69,1);
INSERT INTO feeds_for_users (id,read_by_user,starred,feed_item_id,user_id) VALUES (70,FALSE,FALSE,70,1);
INSERT INTO feeds_for_users (id,read_by_user,starred,feed_item_id,user_id) VALUES (71,FALSE,FALSE,71,1);
INSERT INTO feeds_for_users (id,read_by_user,starred,feed_item_id,user_id) VALUES (72,FALSE,FALSE,72,1);
INSERT INTO feeds_for_users (id,read_by_user,starred,feed_item_id,user_id) VALUES (73,FALSE,FALSE,73,1);
INSERT INTO feeds_for_users (id,read_by_user,starred,feed_item_id,user_id) VALUES (74,FALSE,FALSE,74,1);
INSERT INTO feeds_for_users (id,read_by_user,starred,feed_item_id,user_id) VALUES (75,FALSE,FALSE,75,1);
INSERT INTO feeds_for_users (id,read_by_user,starred,feed_item_id,user_id) VALUES (76,FALSE,FALSE,76,1);
INSERT INTO feeds_for_users (id,read_by_user,starred,feed_item_id,user_id) VALUES (77,FALSE,FALSE,77,1);
INSERT INTO feeds_for_users (id,read_by_user,starred,feed_item_id,user_id) VALUES (78,FALSE,FALSE,78,1);
INSERT INTO feeds_for_users (id,read_by_user,starred,feed_item_id,user_id) VALUES (79,FALSE,FALSE,79,1);
INSERT INTO feeds_for_users (id,read_by_user,starred,feed_item_id,user_id) VALUES (80,FALSE,FALSE,80,1);
INSERT INTO feeds_for_users (id,read_by_user,starred,feed_item_id,user_id) VALUES (81,FALSE,FALSE,81,1);
INSERT INTO feeds_for_users (id,read_by_user,starred,feed_item_id,user_id) VALUES (82,FALSE,FALSE,82,1);
INSERT INTO feeds_for_users (id,read_by_user,starred,feed_item_id,user_id) VALUES (83,FALSE,FALSE,83,1);
INSERT INTO feeds_for_users (id,read_by_user,starred,feed_item_id,user_id) VALUES (84,FALSE,FALSE,84,1);
INSERT INTO feeds_for_users (id,read_by_user,starred,feed_item_id,user_id) VALUES (85,FALSE,FALSE,85,1);
INSERT INTO feeds_for_users (id,read_by_user,starred,feed_item_id,user_id) VALUES (86,FALSE,FALSE,86,1);
INSERT INTO feeds_for_users (id,read_by_user,starred,feed_item_id,user_id) VALUES (87,FALSE,FALSE,87,1);
INSERT INTO feeds_for_users (id,read_by_user,starred,feed_item_id,user_id) VALUES (88,FALSE,FALSE,88,1);
INSERT INTO feeds_for_users (id,read_by_user,starred,feed_item_id,user_id) VALUES (89,FALSE,FALSE,89,1);
INSERT INTO feeds_for_users (id,read_by_user,starred,feed_item_id,user_id) VALUES (90,FALSE,FALSE,90,1);
INSERT INTO feeds_for_users (id,read_by_user,starred,feed_item_id,user_id) VALUES (91,FALSE,FALSE,91,1);
INSERT INTO feeds_for_users (id,read_by_user,starred,feed_item_id,user_id) VALUES (92,FALSE,FALSE,92,1);
INSERT INTO feeds_for_users (id,read_by_user,starred,feed_item_id,user_id) VALUES (93,FALSE,FALSE,93,1);
INSERT INTO feeds_for_users (id,read_by_user,starred,feed_item_id,user_id) VALUES (94,FALSE,FALSE,94,1);
INSERT INTO feeds_for_users (id,read_by_user,starred,feed_item_id,user_id) VALUES (95,FALSE,FALSE,95,1);
INSERT INTO feeds_for_users (id,read_by_user,starred,feed_item_id,user_id) VALUES (96,FALSE,FALSE,96,1);
INSERT INTO feeds_for_users (id,read_by_user,starred,feed_item_id,user_id) VALUES (97,FALSE,FALSE,97,1);
INSERT INTO feeds_for_users (id,read_by_user,starred,feed_item_id,user_id) VALUES (98,FALSE,FALSE,98,1);
INSERT INTO feeds_for_users (id,read_by_user,starred,feed_item_id,user_id) VALUES (99,FALSE,FALSE,99,1);
INSERT INTO feeds_for_users (id,read_by_user,starred,feed_item_id,user_id) VALUES (100,FALSE,FALSE,100,1);
INSERT INTO feeds_for_users (id,read_by_user,starred,feed_item_id,user_id) VALUES (101,FALSE,FALSE,101,1);
INSERT INTO feeds_for_users (id,read_by_user,starred,feed_item_id,user_id) VALUES (102,FALSE,FALSE,102,1);
INSERT INTO feeds_for_users (id,read_by_user,starred,feed_item_id,user_id) VALUES (103,FALSE,FALSE,103,1);
INSERT INTO feeds_for_users (id,read_by_user,starred,feed_item_id,user_id) VALUES (104,FALSE,FALSE,104,1);
INSERT INTO feeds_for_users (id,read_by_user,starred,feed_item_id,user_id) VALUES (105,FALSE,FALSE,105,1);
INSERT INTO feeds_for_users (id,read_by_user,starred,feed_item_id,user_id) VALUES (106,FALSE,FALSE,106,1);
INSERT INTO feeds_for_users (id,read_by_user,starred,feed_item_id,user_id) VALUES (107,FALSE,FALSE,107,1);
INSERT INTO feeds_for_users (id,read_by_user,starred,feed_item_id,user_id) VALUES (108,FALSE,FALSE,108,1);
INSERT INTO feeds_for_users (id,read_by_user,starred,feed_item_id,user_id) VALUES (109,FALSE,FALSE,109,1);
INSERT INTO feeds_for_users (id,read_by_user,starred,feed_item_id,user_id) VALUES (110,FALSE,FALSE,110,1);
INSERT INTO feeds_for_users (id,read_by_user,starred,feed_item_id,user_id) VALUES (111,FALSE,FALSE,111,1);
INSERT INTO feeds_for_users (id,read_by_user,starred,feed_item_id,user_id) VALUES (112,FALSE,FALSE,112,1);
INSERT INTO feeds_for_users (id,read_by_user,starred,feed_item_id,user_id) VALUES (113,FALSE,FALSE,113,1);
INSERT INTO feeds_for_users (id,read_by_user,starred,feed_item_id,user_id) VALUES (114,FALSE,FALSE,114,1);
INSERT INTO feeds_for_users (id,read_by_user,starred,feed_item_id,user_id) VALUES (115,FALSE,FALSE,115,1);
INSERT INTO feeds_for_users (id,read_by_user,starred,feed_item_id,user_id) VALUES (116,FALSE,FALSE,116,1);
INSERT INTO feeds_for_users (id,read_by_user,starred,feed_item_id,user_id) VALUES (117,FALSE,FALSE,117,1);
INSERT INTO feeds_for_users (id,read_by_user,starred,feed_item_id,user_id) VALUES (118,FALSE,FALSE,118,1);
INSERT INTO feeds_for_users (id,read_by_user,starred,feed_item_id,user_id) VALUES (119,FALSE,TRUE,119,1);
INSERT INTO feeds_for_users (id,read_by_user,starred,feed_item_id,user_id) VALUES (120,FALSE,FALSE,120,1);
